{
  "01_baseline_blob": {
    "name": "01_baseline_blob",
    "num_chunks": 31,
    "avg_chunk_len": 888.4193548387096,
    "no_rerank": {
      "mrr": 1.0,
      "hit_rate@1": 1.0,
      "precision@1": 1.0,
      "recall@1": 0.8388888888888888,
      "ndcg@1": 0.9833333333333333,
      "hit_rate@3": 1.0,
      "precision@3": 0.43333333333333335,
      "recall@3": 0.9722222222222221,
      "ndcg@3": 0.9783069945567101,
      "hit_rate@5": 1.0,
      "precision@5": 0.2733333333333334,
      "recall@5": 1.0,
      "ndcg@5": 0.9877935220503906
    },
    "with_rerank": {
      "mrr": 1.0,
      "hit_rate@1": 1.0,
      "precision@1": 1.0,
      "recall@1": 0.8388888888888888,
      "ndcg@1": 0.9833333333333333,
      "hit_rate@3": 1.0,
      "precision@3": 0.4111111111111112,
      "recall@3": 0.9444444444444444,
      "ndcg@3": 0.9613256336701178,
      "hit_rate@5": 1.0,
      "precision@5": 0.26000000000000006,
      "recall@5": 0.9722222222222221,
      "ndcg@5": 0.9759525817861973
    }
  },
  "02_body_plus_comments_sep": {
    "name": "02_body_plus_comments_sep",
    "num_chunks": 62,
    "avg_chunk_len": 473.2096774193548,
    "no_rerank": {
      "mrr": 0.9833333333333333,
      "hit_rate@1": 0.9666666666666667,
      "precision@1": 0.9666666666666667,
      "recall@1": 0.8055555555555555,
      "ndcg@1": 0.9333333333333333,
      "hit_rate@3": 1.0,
      "precision@3": 0.43333333333333335,
      "recall@3": 0.9722222222222221,
      "ndcg@3": 0.9629874624445041,
      "hit_rate@5": 1.0,
      "precision@5": 0.2666666666666667,
      "recall@5": 0.9833333333333333,
      "ndcg@5": 0.9675726452493042
    },
    "with_rerank": {
      "mrr": 1.0,
      "hit_rate@1": 1.0,
      "precision@1": 1.0,
      "recall@1": 0.8388888888888888,
      "ndcg@1": 0.9666666666666667,
      "hit_rate@3": 1.0,
      "precision@3": 0.4000000000000001,
      "recall@3": 0.9333333333333333,
      "ndcg@3": 0.9535967985488321,
      "hit_rate@5": 1.0,
      "precision@5": 0.2666666666666667,
      "recall@5": 0.9888888888888888,
      "ndcg@5": 0.9731250913537919
    }
  },
  "03_each_comment_with_ctx": {
    "name": "03_each_comment_with_ctx",
    "num_chunks": 134,
    "avg_chunk_len": 253.56716417910448,
    "no_rerank": {
      "mrr": 0.9833333333333333,
      "hit_rate@1": 0.9666666666666667,
      "precision@1": 0.9666666666666667,
      "recall@1": 0.8055555555555555,
      "ndcg@1": 0.9333333333333333,
      "hit_rate@3": 1.0,
      "precision@3": 0.43333333333333335,
      "recall@3": 0.9722222222222221,
      "ndcg@3": 0.9596697568971598,
      "hit_rate@5": 1.0,
      "precision@5": 0.2666666666666667,
      "recall@5": 0.9833333333333333,
      "ndcg@5": 0.9642549397019599
    },
    "with_rerank": {
      "mrr": 0.9777777777777777,
      "hit_rate@1": 0.9666666666666667,
      "precision@1": 0.9666666666666667,
      "recall@1": 0.8055555555555555,
      "ndcg@1": 0.9333333333333333,
      "hit_rate@3": 1.0,
      "precision@3": 0.38888888888888895,
      "recall@3": 0.9111111111111111,
      "ndcg@3": 0.9182721176126823,
      "hit_rate@5": 1.0,
      "precision@5": 0.2733333333333334,
      "recall@5": 1.0,
      "ndcg@5": 0.9542588277350784
    }
  },
  "04_noise_filtered_comments": {
    "name": "04_noise_filtered_comments",
    "num_chunks": 134,
    "avg_chunk_len": 253.56716417910448,
    "no_rerank": {
      "mrr": 0.9833333333333333,
      "hit_rate@1": 0.9666666666666667,
      "precision@1": 0.9666666666666667,
      "recall@1": 0.8055555555555555,
      "ndcg@1": 0.9333333333333333,
      "hit_rate@3": 1.0,
      "precision@3": 0.43333333333333335,
      "recall@3": 0.9722222222222221,
      "ndcg@3": 0.9596697568971598,
      "hit_rate@5": 1.0,
      "precision@5": 0.2666666666666667,
      "recall@5": 0.9833333333333333,
      "ndcg@5": 0.9642549397019599
    },
    "with_rerank": {
      "mrr": 0.9777777777777777,
      "hit_rate@1": 0.9666666666666667,
      "precision@1": 0.9666666666666667,
      "recall@1": 0.8055555555555555,
      "ndcg@1": 0.9333333333333333,
      "hit_rate@3": 1.0,
      "precision@3": 0.38888888888888895,
      "recall@3": 0.9111111111111111,
      "ndcg@3": 0.9182721176126823,
      "hit_rate@5": 1.0,
      "precision@5": 0.2733333333333334,
      "recall@5": 1.0,
      "ndcg@5": 0.9542588277350784
    }
  },
  "05_sliding_window_3": {
    "name": "05_sliding_window_3",
    "num_chunks": 76,
    "avg_chunk_len": 419.9736842105263,
    "no_rerank": {
      "mrr": 0.9833333333333333,
      "hit_rate@1": 0.9666666666666667,
      "precision@1": 0.9666666666666667,
      "recall@1": 0.8055555555555555,
      "ndcg@1": 0.9333333333333333,
      "hit_rate@3": 1.0,
      "precision@3": 0.43333333333333335,
      "recall@3": 0.9722222222222221,
      "ndcg@3": 0.9629874624445041,
      "hit_rate@5": 1.0,
      "precision@5": 0.2666666666666667,
      "recall@5": 0.9833333333333333,
      "ndcg@5": 0.9675726452493042
    },
    "with_rerank": {
      "mrr": 1.0,
      "hit_rate@1": 1.0,
      "precision@1": 1.0,
      "recall@1": 0.8388888888888888,
      "ndcg@1": 0.9666666666666667,
      "hit_rate@3": 1.0,
      "precision@3": 0.4111111111111112,
      "recall@3": 0.9444444444444444,
      "ndcg@3": 0.9589200309361622,
      "hit_rate@5": 1.0,
      "precision@5": 0.2666666666666667,
      "recall@5": 0.9888888888888888,
      "ndcg@5": 0.9744183787539203
    }
  },
  "06_parent_child": {
    "name": "06_parent_child",
    "num_chunks": 165,
    "avg_chunk_len": 218.9151515151515,
    "no_rerank": {
      "mrr": 1.0,
      "hit_rate@1": 1.0,
      "precision@1": 1.0,
      "recall@1": 0.8388888888888888,
      "ndcg@1": 0.9666666666666667,
      "hit_rate@3": 1.0,
      "precision@3": 0.43333333333333335,
      "recall@3": 0.9722222222222221,
      "ndcg@3": 0.9719720984447779,
      "hit_rate@5": 1.0,
      "precision@5": 0.2700000000000001,
      "recall@5": 0.9833333333333333,
      "ndcg@5": 0.9760907132299788
    },
    "with_rerank": {
      "mrr": 0.9583333333333334,
      "hit_rate@1": 0.9333333333333333,
      "precision@1": 0.9333333333333333,
      "recall@1": 0.7722222222222221,
      "ndcg@1": 0.9,
      "hit_rate@3": 0.9666666666666667,
      "precision@3": 0.4000000000000001,
      "recall@3": 0.9111111111111111,
      "ndcg@3": 0.9046434181205364,
      "hit_rate@5": 1.0,
      "precision@5": 0.27666666666666667,
      "recall@5": 1.0,
      "ndcg@5": 0.9436680168170082
    }
  },
  "07_labeled_fields": {
    "name": "07_labeled_fields",
    "num_chunks": 31,
    "avg_chunk_len": 1028.3870967741937,
    "no_rerank": {
      "mrr": 0.9833333333333333,
      "hit_rate@1": 0.9666666666666667,
      "precision@1": 0.9666666666666667,
      "recall@1": 0.8055555555555555,
      "ndcg@1": 0.95,
      "hit_rate@3": 1.0,
      "precision@3": 0.43333333333333335,
      "recall@3": 0.9722222222222221,
      "ndcg@3": 0.9643458002354198,
      "hit_rate@5": 1.0,
      "precision@5": 0.2666666666666667,
      "recall@5": 0.9833333333333333,
      "ndcg@5": 0.96893098304022
    },
    "with_rerank": {
      "mrr": 1.0,
      "hit_rate@1": 1.0,
      "precision@1": 1.0,
      "recall@1": 0.8388888888888888,
      "ndcg@1": 0.9833333333333333,
      "hit_rate@3": 1.0,
      "precision@3": 0.4111111111111112,
      "recall@3": 0.9444444444444444,
      "ndcg@3": 0.9613256336701178,
      "hit_rate@5": 1.0,
      "precision@5": 0.2666666666666667,
      "recall@5": 0.9833333333333333,
      "ndcg@5": 0.980071196571398
    }
  },
  "08_noise_filtered_blob": {
    "name": "08_noise_filtered_blob",
    "num_chunks": 31,
    "avg_chunk_len": 888.4193548387096,
    "no_rerank": {
      "mrr": 1.0,
      "hit_rate@1": 1.0,
      "precision@1": 1.0,
      "recall@1": 0.8388888888888888,
      "ndcg@1": 0.9833333333333333,
      "hit_rate@3": 1.0,
      "precision@3": 0.43333333333333335,
      "recall@3": 0.9722222222222221,
      "ndcg@3": 0.9783069945567101,
      "hit_rate@5": 1.0,
      "precision@5": 0.2733333333333334,